Z,Conf,TE_rel,TE_nonrel,1s+,1s,2s+,2s,2p-,2p+,2p,3s+,3s,3p-,3p+,3p,3d-,3d+,3d,4s+,4s,4p-,4p+,4p,4d-,4d+,4d,4f-,4f+,4f,5s+,5s,5p-,5p+,5p,5d-,5d+,5d,5f-,5f+,5f,6s+,6s,6p-,6p+,6p,6d-,6d+,6d,7s+,7s
1 ,1s(1),-0.49995 ,-0.49995 ,-0.49995 ,-0.49995 ,,             ,,,             ,,             ,,,             ,,,             ,,             ,,,             ,,,             ,,,             ,,             ,,,             ,,,             ,,,             ,,             ,,,             ,,,             ,,             
2 ,1s(2) ,-2.86129 ,-2.86115 ,-0.91766 ,-0.91762 ,,             ,,,             ,,             ,,,             ,,,             ,,             ,,,             ,,,             ,,,             ,,             ,,,             ,,,             ,,,             ,,             ,,,             ,,,             ,,             
3 ,[He]2s(1),-7.43350 ,-7.43270 ,-2.47795 ,-2.47771 ,-0.19634 ,-0.19632 ,,,             ,,             ,,,             ,,,             ,,             ,,,             ,,,             ,,,             ,,             ,,,             ,,,             ,,,             ,,             ,,,             ,,,             ,,             
4 ,[He]2s(2),-14.57583 ,-14.57297 ,-4.73346 ,-4.73263 ,-0.30931 ,-0.30926 ,,,             ,,             ,,,             ,,,             ,,             ,,,             ,,,             ,,,             ,,             ,,,             ,,,             ,,,             ,,             ,,,             ,,,             ,,             
5 ,[He]2s(2)2p(1),-24.53646 ,-24.52897 ,-7.69759 ,-7.69528 ,-0.49490 ,-0.49468 ,-0.30979 ,-0.30970 ,-0.30983 ,,             ,,,             ,,,             ,,             ,,,             ,,,             ,,,             ,,             ,,,             ,,,             ,,,             ,,             ,,,             ,,,             ,,             
6 ,[He]2s(2)2p(2),-37.67588 ,-37.68847 ,-11.34351 ,-11.32544 ,-0.71256 ,-0.70559 ,-0.40689 ,-0.40660 ,-0.43330 ,,             ,,,             ,,,             ,,             ,,,             ,,,             ,,,             ,,             ,,,             ,,,             ,,,             ,,             ,,,             ,,,             ,,             
7 ,[He]2s(2)2p(3),-54.32748 ,-54.40071 ,-15.67629 ,-15.62895 ,-0.96472 ,-0.94527 ,-0.50882 ,-0.50812 ,-0.56753 ,,             ,,,             ,,,             ,,             ,,,             ,,,             ,,,             ,,             ,,,             ,,,             ,,,             ,,             ,,,             ,,,             ,,             
8 ,[He]2s(2)2p(4),-74.82462 ,-74.80907 ,-20.69838 ,-20.66850 ,-1.25231 ,-1.24422 ,-0.61672 ,-0.61528 ,-0.63182 ,,             ,,,             ,,,             ,,             ,,,             ,,,             ,,,             ,,             ,,,             ,,,             ,,,             ,,             ,,,             ,,,             ,,             
9 ,[He]2s(2)2p(5),-99.50110 ,-99.40889 ,-26.41151 ,-26.38255 ,-1.57584 ,-1.57240 ,-0.73119 ,-0.72853 ,-0.72989 ,,             ,,,             ,,,             ,,             ,,,             ,,,             ,,,             ,,             ,,,             ,,,             ,,,             ,,             ,,,             ,,,             ,,             
10 ,[He]2s(2)2p(6),-128.69121 ,-128.54647 ,-32.81715 ,-32.77217 ,-1.93565 ,-1.93021 ,-0.85264 ,-0.84808 ,-0.85023 ,,             ,,,             ,,,             ,,             ,,,             ,,,             ,,,             ,,             ,,,             ,,,             ,,,             ,,             ,,,             ,,,             ,,             
11 ,[Ne]3s(1) ,-162.07769 ,-161.85857 ,-40.54481 ,-40.47840 ,-2.80526 ,-2.79693 ,-1.52186 ,-1.51446 ,-1.51802 ,-0.18230 ,-0.18206 ,,,             ,,,             ,,             ,,,             ,,,             ,,,             ,,             ,,,             ,,,             ,,,             ,,             ,,,             ,,,             ,,             
12 ,[Ne]3s(2) ,-199.93458 ,-199.61422 ,-49.12651 ,-49.03162 ,-3.78003 ,-3.76762 ,-2.28814 ,-2.27658 ,-2.28209 ,-0.25333 ,-0.25295 ,,,             ,,,             ,,             ,,,             ,,,             ,,,             ,,             ,,,             ,,,             ,,,             ,,             ,,,             ,,,             ,,             
13 ,[Ne]3s(2)3p(1),-242.33030 ,-241.87637 ,-58.63341 ,-58.50085 ,-4.92916 ,-4.91054 ,-3.22810 ,-3.21075 ,-3.21816 ,-0.39437 ,-0.39334 ,-0.20991 ,-0.20938 ,-0.20992 ,,,             ,,             ,,,             ,,,             ,,,             ,,             ,,,             ,,,             ,,,             ,,             ,,,             ,,,             ,,             
14 ,[Ne]3s(2)3p(2),-289.46080 ,-288.85398 ,-68.99989 ,-68.81227 ,-6.18974 ,-6.15640 ,-4.27765 ,-4.25253 ,-4.25590 ,-0.54539 ,-0.53975 ,-0.27900 ,-0.27786 ,-0.29705 ,,,             ,,             ,,,             ,,,             ,,,             ,,             ,,,             ,,,             ,,,             ,,             ,,,             ,,,             ,,             
15 ,[Ne]3s(2)3p(3),-341.49402 ,-340.71834 ,-80.22991 ,-79.96952 ,-7.56625 ,-7.51094 ,-5.44100 ,-5.40571 ,-5.40079 ,-0.70931 ,-0.69631 ,-0.35133 ,-0.34926 ,-0.39162 ,,,             ,,             ,,,             ,,,             ,,,             ,,             ,,,             ,,,             ,,,             ,,             ,,,             ,,,             ,,             
16 ,[Ne]3s(2)3p(4),-398.59716 ,-397.50435 ,-92.32609 ,-92.00421 ,-9.06103 ,-9.00409 ,-6.72027 ,-6.67195 ,-6.68229 ,-0.88715 ,-0.87938 ,-0.42786 ,-0.42447 ,-0.43723 ,,,             ,,             ,,,             ,,,             ,,,             ,,             ,,,             ,,,             ,,,             ,,             ,,,             ,,,             ,,             
17 ,[Ne]3s(2)3p(5),-460.93746 ,-459.48143 ,-105.29075 ,-104.88416 ,-10.67565 ,-10.60726 ,-8.11679 ,-8.05213 ,-8.07198 ,-1.07940 ,-1.07275 ,-0.50906 ,-0.50387 ,-0.50625 ,,,             ,,             ,,,             ,,,             ,,,             ,,             ,,,             ,,,             ,,,             ,,             ,,,             ,,,             ,,             
18 ,[Ne]3s(2)3p(6),-528.68268 ,-526.81678 ,-119.12618 ,-118.61007 ,-12.41127 ,-12.32192 ,-9.63160 ,-9.54674 ,-9.57120 ,-1.28637 ,-1.27718 ,-0.59517 ,-0.58761 ,-0.59085 ,,,             ,,             ,,,             ,,,             ,,,             ,,             ,,,             ,,,             ,,,             ,,             ,,,             ,,,             ,,             
19 ,[Ar]4s(1) ,-601.52526 ,-599.16429 ,-134.17923 ,-133.53293 ,-14.60426 ,-14.48982 ,-11.59833 ,-11.48888 ,-11.51910 ,-1.76115 ,-1.74868 ,-0.96040 ,-0.94943 ,-0.95432 ,,,             ,-0.14795 ,-0.14741 ,,,             ,,,             ,,,             ,,             ,,,             ,,,             ,,,             ,,             ,,,             ,,,             ,,             
20 ,[Ar]4s(2) ,-679.70942 ,-676.75767 ,-150.16367 ,-149.36361 ,-16.96725 ,-16.82262 ,-13.73140 ,-13.59228 ,-13.62910 ,-2.26193 ,-2.24528 ,-1.34906 ,-1.33367 ,-1.34060 ,,,             ,-0.19622 ,-0.19545 ,,,             ,,,             ,,,             ,,             ,,,             ,,,             ,,,             ,,             ,,,             ,,,             ,,             
21 ,[Ar]4s(2)3d(1) ,-763.37790 ,-759.73514 ,-166.88443 ,-165.89977 ,-19.26560 ,-19.08048 ,-15.80286 ,-15.62812 ,-15.66806 ,-2.59150 ,-2.56721 ,-1.58828 ,-1.56802 ,-1.57442 ,-0.33594 ,-0.33518 ,-0.34361 ,-0.21132 ,-0.21002 ,,,             ,,,             ,,,             ,,             ,,,             ,,,             ,,,             ,,             ,,,             ,,,             ,,             
22 ,[Ar]4s(2)3d(2),-852.81887 ,-848.40536 ,-184.48256 ,-183.27262 ,-21.66708 ,-21.42276 ,-17.97592 ,-17.75904 ,-17.79098 ,-2.91447 ,-2.87327 ,-1.82245 ,-1.79644 ,-1.79495 ,-0.39762 ,-0.39624 ,-0.44054 ,-0.22352 ,-0.22069 ,,,             ,,,             ,,,             ,,             ,,,             ,,,             ,,,             ,,             ,,,             ,,,             ,,             
23 ,[Ar]4s(2)3d(3) ,-948.18758 ,-942.88363 ,-202.97014 ,-201.50267 ,-24.18424 ,-23.87448 ,-20.26266 ,-19.99639 ,-20.02227 ,-3.24075 ,-3.18304 ,-2.05982 ,-2.02704 ,-2.01907 ,-0.45239 ,-0.45022 ,-0.50949 ,-0.23444 ,-0.23047 ,,,             ,,,             ,,,             ,,             ,,,             ,,,             ,,,             ,,             ,,,             ,,,             ,,             
24 ,[Ar]4s(1)3d(5),-1049.59473 ,-1043.35553 ,-222.18076 ,-220.38619 ,-26.62584 ,-26.20940 ,-22.47601 ,-22.15204 ,-22.13956 ,-3.38968 ,-3.28495 ,-2.13484 ,-2.09456 ,-2.05070 ,-0.31780 ,-0.31478 ,-0.37341 ,-0.21077 ,-0.22193 ,,,             ,,,             ,,,             ,,             ,,,             ,,,             ,,,             ,,             ,,,             ,,,             ,,             
25 ,[Ar]4s(2)3d(5),-1157.32053 ,-1149.86539 ,-242.63890 ,-240.53380 ,-29.58551 ,-29.10927 ,-25.19614 ,-24.80606 ,-24.81232 ,-3.91659 ,-3.81647 ,-2.55491 ,-2.50498 ,-2.47933 ,-0.55111 ,-0.54668 ,-0.63867 ,-0.25425 ,-0.24773 ,,,             ,,,             ,,,             ,,             ,,,             ,,,             ,,,             ,,             ,,,             ,,,             ,,             
26 ,[Ar]4s(2)3d(6),-1271.39042 ,-1262.44270 ,-263.83005 ,-261.37320 ,-32.47557 ,-31.93528 ,-27.84850 ,-27.38224 ,-27.41340 ,-4.26941 ,-4.16923 ,-2.81523 ,-2.75465 ,-2.74196 ,-0.59720 ,-0.59121 ,-0.64668 ,-0.26353 ,-0.25802 ,,,             ,,,             ,,,             ,,             ,,,             ,,,             ,,,             ,,             ,,,             ,,,             ,,             
27 ,[Ar]4s(2)3d(7) ,-1392.00006 ,-1381.41348 ,-285.93186 ,-283.06525 ,-35.49483 ,-34.86805 ,-30.62733 ,-30.07414 ,-30.11983 ,-4.63349 ,-4.52404 ,-3.08512 ,-3.01231 ,-3.00597 ,-0.64187 ,-0.63398 ,-0.67518 ,-0.27252 ,-0.26724 ,,,             ,,,             ,,,             ,,             ,,,             ,,,             ,,,             ,,             ,,,             ,,,             ,,             
28 ,[Ar]4s(2)3d(8),-1519.30364 ,-1506.86971 ,-308.94908 ,-305.61874 ,-38.64515 ,-37.91751 ,-33.53437 ,-32.88250 ,-32.94134 ,-5.00951 ,-4.88755 ,-3.36513 ,-3.27836 ,-3.27737 ,-0.68547 ,-0.67529 ,-0.70665 ,-0.28130 ,-0.27605 ,,,             ,,,             ,,,             ,,             ,,,             ,,,             ,,,             ,,             ,,,             ,,,             ,,             
29 ,[Ar]4s(1)3d(10) ,-1653.45267 ,-1638.96228 ,-332.65377 ,-328.79258 ,-41.67131 ,-40.81852 ,-36.31936 ,-35.55538 ,-35.61742 ,-5.15599 ,-5.01156 ,-3.43051 ,-3.32823 ,-3.32437 ,-0.48741 ,-0.47383 ,-0.49083 ,-0.24454 ,-0.23830 ,,,             ,,,             ,,,             ,,             ,,,             ,,,             ,,,             ,,             ,,,             ,,,             ,,             
30 ,[Ar]4s(2)3d(10),-1794.61047 ,-1777.84665 ,-357.74822 ,-353.30417 ,-45.34565 ,-44.36132 ,-39.73946 ,-38.85074 ,-38.92436 ,-5.79955 ,-5.63745 ,-3.95728 ,-3.83669 ,-3.83898 ,-0.77047 ,-0.75429 ,-0.78217 ,-0.29835 ,-0.29226 ,,,             ,,,             ,,,             ,,             ,,,             ,,,             ,,,             ,,             ,,,             ,,,             ,,             
31 ,[Ar]4s(2)3d(10)4p(1) ,-1942.56255 ,-1923.26029 ,-383.91396 ,-378.81811 ,-49.30314 ,-48.16811 ,-43.43998 ,-42.41138 ,-42.49371 ,-6.58122 ,-6.39435 ,-4.61947 ,-4.47728 ,-4.48207 ,-1.17649 ,-1.15677 ,-1.19306 ,-0.43398 ,-0.42435 ,-0.20931 ,-0.20576 ,-0.20834 ,,,             ,,,             ,,             ,,,             ,,,             ,,,             ,,             ,,,             ,,,             ,,             
32 ,[Ar]4s(2)3d(10)4p(2)    ,-2097.46909 ,-2075.35902 ,-411.06817 ,-405.24420 ,-53.45879 ,-52.15013 ,-47.33462 ,-46.15016 ,-46.23595 ,-7.41188 ,-7.19079 ,-5.32671 ,-5.15950 ,-5.16140 ,-1.61837 ,-1.59421 ,-1.63469 ,-0.57014 ,-0.55325 ,-0.27231 ,-0.26568 ,-0.28727 ,,,             ,,,             ,,             ,,,             ,,,             ,,,             ,,             ,,,             ,,,             ,,             
33 ,[Ar]4s(2)3d(10)4p(3) ,-2259.44055 ,-2234.23795 ,-439.21788 ,-432.58597 ,-57.81447 ,-56.30963 ,-51.42554 ,-50.06781 ,-50.15355 ,-8.29249 ,-8.02942 ,-6.08088 ,-5.88495 ,-5.88051 ,-2.09954 ,-2.07009 ,-2.11246 ,-0.71247 ,-0.68578 ,-0.33572 ,-0.32528 ,-0.36938 ,,,             ,,,             ,,             ,,,             ,,,             ,,,             ,,             ,,,             ,,,             ,,             
34 ,[Ar]4s(2)3d(10)4p(4),-2428.58681 ,-2399.86687 ,-468.36713 ,-460.86716 ,-62.36974 ,-60.66866 ,-55.71239 ,-54.16268 ,-54.26868 ,-9.22188 ,-8.93188 ,-6.88133 ,-6.65272 ,-6.66132 ,-2.61997 ,-2.58436 ,-2.64941 ,-0.86242 ,-0.83725 ,-0.40125 ,-0.38617 ,-0.40273 ,,,             ,,,             ,,             ,,,             ,,,             ,,,             ,,             ,,,             ,,,             ,,             
35 ,[Ar]4s(2)3d(10)4p(5),-2605.02190 ,-2572.44057 ,-498.52117 ,-490.06010 ,-67.12464 ,-65.19974 ,-60.19522 ,-58.43340 ,-58.55400 ,-10.19924 ,-9.87167 ,-7.72764 ,-7.46210 ,-7.47800 ,-3.17937 ,-3.13664 ,-3.21996 ,-1.02075 ,-0.99254 ,-0.46970 ,-0.44908 ,-0.45695 ,,,             ,,,             ,,             ,,,             ,,,             ,,,             ,,             ,,,             ,,,             ,,             
36 ,[Ar]4s(2)3d(10)4p(6) ,-2788.85894 ,-2752.05419 ,-529.68444 ,-520.16523 ,-72.07944 ,-69.90288 ,-64.87432 ,-62.87886 ,-63.00957 ,-11.22410 ,-10.84926 ,-8.61953 ,-8.31246 ,-8.33130 ,-3.77731 ,-3.72646 ,-3.82503 ,-1.18751 ,-1.15280 ,-0.54129 ,-0.51413 ,-0.52406 ,,,             ,,,             ,,             ,,,             ,,,             ,,,             ,,             ,,,             ,,,             ,,             
37 ,[Kr]5s(1)  ,-2979.80342 ,-2938.35673 ,-562.13224 ,-551.45714 ,-77.50114 ,-75.04918 ,-70.01600 ,-67.76388 ,-67.90605 ,-12.55961 ,-12.13303 ,-9.81794 ,-9.46457 ,-9.48753 ,-4.67554 ,-4.61551 ,-4.73212 ,-1.56596 ,-1.52343 ,-0.83203 ,-0.79601 ,-0.80996 ,,,             ,,,             ,-0.13995 ,-0.13782 ,,,             ,,,             ,,,             ,,             ,,,             ,,,             ,,             
38 ,[Kr]5s(2),-3178.07840 ,-3131.54500 ,-595.62357 ,-583.68771 ,-83.14466 ,-80.39065 ,-75.37566 ,-72.84220 ,-72.99588 ,-13.95929 ,-13.47488 ,-11.07780 ,-10.67274 ,-10.69983 ,-5.62833 ,-5.55792 ,-5.69424 ,-1.94867 ,-1.89670 ,-1.12623 ,-1.07974 ,-1.09805 ,,,             ,,,             ,-0.18118 ,-0.17840 ,,,             ,,,             ,,,             ,,             ,,,             ,,,             ,,             
39 ,[Kr]5s(2)4d(1),-3383.76017 ,-3331.68347 ,-630.06761 ,-616.74905 ,-88.90529 ,-85.81067 ,-80.85031 ,-78.00903 ,-78.16419 ,-15.31715 ,-14.75864 ,-12.29498 ,-11.83247 ,-11.85392 ,-6.53314 ,-6.45103 ,-6.59920 ,-2.23893 ,-2.16862 ,-1.34297 ,-1.28540 ,-1.30095 ,-0.23246 ,-0.23041 ,-0.24975 ,,,             ,-0.20116 ,-0.19601 ,,,             ,,,             ,,,             ,,             ,,,             ,,,             ,,             
40 ,[Kr]5s(2)4d(2)  ,-3597.08155 ,-3538.99434 ,-665.53046 ,-650.70471 ,-94.84887 ,-91.37745 ,-86.50480 ,-83.32760 ,-83.47829 ,-16.69978 ,-16.05478 ,-13.53526 ,-13.00918 ,-13.01952 ,-7.45430 ,-7.35910 ,-7.51559 ,-2.51243 ,-2.41897 ,-1.54742 ,-1.47768 ,-1.48739 ,-0.29291 ,-0.28918 ,-0.33662 ,,,             ,-0.21514 ,-0.20717 ,,,             ,,,             ,,,             ,,             ,,,             ,,,             ,,             
41 ,[Kr]5s(1)4d(4),-3818.14654 ,-3753.59688 ,-701.92356 ,-685.44365 ,-100.87527 ,-96.97450 ,-92.24040 ,-88.69722 ,-88.82278 ,-18.00557 ,-17.24672 ,-14.69841 ,-14.10222 ,-14.08109 ,-8.29244 ,-8.18260 ,-8.32895 ,-2.67298 ,-2.53717 ,-1.65446 ,-1.57210 ,-1.55670 ,-0.25718 ,-0.25196 ,-0.30042 ,,,             ,-0.20532 ,-0.21544 ,,,             ,,,             ,,,             ,,             ,,,             ,,,             ,,             
42 ,[Kr]5s(1)4d(5) ,-4047.13933 ,-3975.54863 ,-739.45553 ,-721.20188 ,-107.20208 ,-102.85032 ,-98.27165 ,-94.33089 ,-94.44380 ,-19.45194 ,-18.58424 ,-15.99904 ,-15.32582 ,-15.28627 ,-9.25856 ,-9.13253 ,-9.28392 ,-2.92946 ,-2.76265 ,-1.84659 ,-1.74945 ,-1.72337 ,-0.30120 ,-0.29374 ,-0.35771 ,,,             ,-0.21183 ,-0.22259 ,,,             ,,,             ,,,             ,,             ,,,             ,,,             ,,             
43 ,[Kr]5s(2)4d(5),-4284.11112 ,-4204.78793 ,-778.17933 ,-758.04277 ,-113.87739 ,-109.06955 ,-104.64611 ,-100.27430 ,-100.40585 ,-21.08519 ,-20.13159 ,-17.48321 ,-16.72554 ,-16.69934 ,-10.39778 ,-10.25398 ,-10.44439 ,-3.32173 ,-3.15198 ,-2.16081 ,-2.04629 ,-2.04102 ,-0.45943 ,-0.44897 ,-0.54378 ,,,             ,-0.24522 ,-0.23114 ,,,             ,,,             ,,,             ,,             ,,,             ,,,             ,,             
44 ,[Kr]5s(1)4d(7) ,-4529.26713 ,-4441.53853 ,-817.70167 ,-795.51310 ,-120.47876 ,-115.15846 ,-110.94662 ,-106.10760 ,-106.23905 ,-22.48102 ,-21.41354 ,-18.73130 ,-17.88124 ,-17.84841 ,-11.29505 ,-11.13141 ,-11.34299 ,-3.45237 ,-3.25682 ,-2.24309 ,-2.11159 ,-2.10095 ,-0.38935 ,-0.37633 ,-0.41252 ,,,             ,-0.22299 ,-0.22228 ,,,             ,,,             ,,,             ,,             ,,,             ,,,             ,,             
45 ,[Kr]5s(1)4d(8),-4782.64350 ,-4685.88071 ,-858.43296 ,-834.03911 ,-127.43417 ,-121.56333 ,-117.59575 ,-112.25193 ,-112.38585 ,-24.06641 ,-22.87928 ,-20.16556 ,-19.21471 ,-19.17927 ,-12.36684 ,-12.18155 ,-12.42095 ,-3.72070 ,-3.50359 ,-2.44880 ,-2.29747 ,-2.29086 ,-0.43410 ,-0.41771 ,-0.44994 ,,,             ,-0.22793 ,-0.22147 ,,,             ,,,             ,,,             ,,             ,,,             ,,,             ,,             
46 ,[Kr]5s(0)4d(10) ,-5044.39779 ,-4937.91980 ,-900.09720 ,-873.31542 ,-134.44755 ,-127.96610 ,-124.30064 ,-118.41165 ,-118.53062 ,-25.54210 ,-24.20861 ,-21.48942 ,-20.42871 ,-20.37380 ,-13.31916 ,-13.10978 ,-13.36293 ,-3.84170 ,-3.58685 ,-2.51958 ,-2.34667 ,-2.32965 ,-0.34002 ,-0.31925 ,-0.33562 ,,,             ,,             ,,,             ,,,             ,,,             ,,             ,,,             ,,,             ,,             
47 ,[Kr]5s(1)4d(10),-5314.63104 ,-5197.69741 ,-943.15569 ,-913.83523 ,-141.99243 ,-134.87809 ,-131.53025 ,-125.05460 ,-125.18125 ,-27.38431 ,-25.91749 ,-23.17559 ,-21.99584 ,-21.94510 ,-14.61969 ,-14.38484 ,-14.67785 ,-4.27411 ,-4.00120 ,-2.87733 ,-2.68036 ,-2.67653 ,-0.52558 ,-0.50110 ,-0.53714 ,,,             ,-0.23694 ,-0.21984 ,,,             ,,,             ,,,             ,,             ,,,             ,,,             ,,             
48 ,[Kr]5s(2)4d(10) ,-5593.31546 ,-5465.13211 ,-987.35794 ,-955.31501 ,-149.80356 ,-142.00653 ,-139.02179 ,-131.91491 ,-132.04671 ,-29.32161 ,-27.70832 ,-24.95441 ,-23.64546 ,-23.59693 ,-16.00049 ,-15.73780 ,-16.07166 ,-4.74645 ,-4.45026 ,-3.27021 ,-3.04563 ,-3.05324 ,-0.73787 ,-0.70852 ,-0.76341 ,,,             ,-0.28119 ,-0.26468 ,,,             ,,,             ,,,             ,,             ,,,             ,,,             ,,             
49 ,[Kr]5s(2)4d(10)5p(1)  ,-5880.42902 ,-5740.16830 ,-1032.76900 ,-997.80013 ,-157.93446 ,-149.39518 ,-146.82959 ,-139.04422 ,-139.17166 ,-31.40489 ,-29.62439 ,-26.87827 ,-25.42927 ,-25.37402 ,-17.51341 ,-17.22046 ,-17.58928 ,-5.30820 ,-4.97645 ,-3.75247 ,-3.49678 ,-3.50697 ,-1.03173 ,-0.99653 ,-1.06290 ,,,             ,-0.39612 ,-0.37248 ,-0.20077 ,-0.19143 ,-0.19716 ,,,             ,,,             ,,             ,,,             ,,,             ,,             
50 ,[Kr]5s(2)4d(10)5p(2) ,-6176.12531 ,-6022.93086 ,-1079.32450 ,-1041.22310 ,-166.31735 ,-156.97735 ,-154.88510 ,-146.37190 ,-146.48904 ,-33.56415 ,-31.59875 ,-28.87634 ,-27.27593 ,-27.20882 ,-19.08700 ,-18.76118 ,-19.16312 ,-5.88782 ,-5.51229 ,-4.25053 ,-3.96003 ,-3.96885 ,-1.33568 ,-1.29373 ,-1.36884 ,,,             ,-0.50971 ,-0.47627 ,-0.25695 ,-0.24107 ,-0.26491 ,,,             ,,,             ,,             ,,,             ,,,             ,,             
51 ,[Kr]5s(2)4d(10)5p(3),-6480.51560 ,-6313.48450 ,-1127.04090 ,-1085.58880 ,-174.95877 ,-164.75775 ,-163.19471 ,-153.90147 ,-154.00359 ,-35.80347 ,-33.63601 ,-30.95268 ,-29.18872 ,-29.10594 ,-20.72461 ,-20.36317 ,-20.79786 ,-6.48917 ,-6.06299 ,-4.76869 ,-4.43957 ,-4.44453 ,-1.65468 ,-1.60515 ,-1.68768 ,,,             ,-0.62682 ,-0.58161 ,-0.31306 ,-0.28963 ,-0.33459 ,,,             ,,,             ,,             ,,,             ,,,             ,,             
52 ,[Kr]5s(2)4d(10)5p(4) ,-6793.69566 ,-6611.78322 ,-1175.92490 ,-1130.91670 ,-183.86150 ,-172.75520 ,-171.76166 ,-161.63342 ,-161.73417 ,-38.12377 ,-35.75468 ,-33.10828 ,-31.16793 ,-31.08384 ,-22.42659 ,-22.02663 ,-22.51214 ,-7.11302 ,-6.64682 ,-5.30801 ,-4.93631 ,-4.95238 ,-1.98999 ,-1.93202 ,-2.03810 ,,,             ,-0.74887 ,-0.70038 ,-0.37065 ,-0.33858 ,-0.35969 ,,,             ,,,             ,,             ,,,             ,,,             ,,             
53 ,[Kr]5s(2)4d(10)5p(5) ,-7115.79062 ,-6917.98004 ,-1225.99510 ,-1177.18600 ,-193.02935 ,-180.94901 ,-180.58878 ,-169.56765 ,-169.66014 ,-40.52580 ,-37.93426 ,-35.34368 ,-33.21337 ,-33.12210 ,-24.19275 ,-23.75124 ,-24.28548 ,-7.75972 ,-7.24416 ,-5.86898 ,-5.45053 ,-5.47317 ,-2.34201 ,-2.27471 ,-2.40101 ,,,             ,-0.87641 ,-0.82092 ,-0.43027 ,-0.38845 ,-0.40303 ,,,             ,,,             ,,             ,,,             ,,,             ,,             
54 ,[Kr]5s(2)4d(10)5p(6)   ,-7446.89158 ,-7232.13749 ,-1277.25500 ,-1224.39750 ,-202.46438 ,-189.33992 ,-189.67898 ,-177.70413 ,-177.78225 ,-43.00996 ,-40.17546 ,-37.65943 ,-35.32484 ,-35.22146 ,-26.02292 ,-25.53666 ,-26.11866 ,-8.42945 ,-7.85611 ,-6.45199 ,-5.98238 ,-6.00815 ,-2.71091 ,-2.63334 ,-2.77769 ,,,             ,-1.00976 ,-0.94421 ,-0.49226 ,-0.43950 ,-0.45714 ,,,             ,,,             ,,             ,,,             ,,,             ,,             
55 ,[Xd]6s(1)  ,-7786.76799 ,-7553.93302 ,-1329.93310 ,-1272.76860 ,-212.38049 ,-198.14363 ,-199.24517 ,-186.25263 ,-186.31602 ,-45.78608 ,-42.69288 ,-40.26434 ,-37.71044 ,-37.59578 ,-28.12561 ,-27.59128 ,-28.22606 ,-9.32965 ,-8.69534 ,-7.26265 ,-6.73744 ,-6.76838 ,-3.30221 ,-3.21350 ,-3.37939 ,,,             ,-1.30880 ,-1.23146 ,-0.72644 ,-0.65914 ,-0.68334 ,,,             ,,,             ,-0.12813 ,-0.12362 ,,,             ,,,             ,,             
56 ,[Xd]6s(2)   ,-8135.64109 ,-7883.54325 ,-1383.83350 ,-1322.09330 ,-222.57706 ,-207.15435 ,-209.08731 ,-195.00987 ,-195.05584 ,-48.65136 ,-45.28074 ,-42.95619 ,-40.16700 ,-40.03968 ,-30.29758 ,-29.71163 ,-30.40219 ,-10.25704 ,-9.55629 ,-8.09881 ,-7.51297 ,-7.54921 ,-3.91331 ,-3.81236 ,-4.00139 ,,,             ,-1.60337 ,-1.51262 ,-0.95620 ,-0.87249 ,-0.90377 ,,,             ,,,             ,-0.16307 ,-0.15749 ,,,             ,,,             ,,             
57 ,[Xd]6s(2)5d(1) ,-8493.64158 ,-8221.06620 ,-1438.89690 ,-1372.28010 ,-232.97746 ,-216.27687 ,-219.12903 ,-203.89594 ,-203.90726 ,-51.52627 ,-47.84428 ,-45.65595 ,-42.61467 ,-42.45902 ,-32.45951 ,-31.81823 ,-32.55348 ,-11.13232 ,-10.34540 ,-8.88283 ,-8.23102 ,-8.25877 ,-4.46765 ,-4.35328 ,-4.55346 ,,,             ,-1.82027 ,-1.70430 ,-1.12130 ,-1.02118 ,-1.04932 ,-0.23783 ,-0.23321 ,-0.26878 ,,,             ,-0.17947 ,-0.17033 ,,,             ,,,             ,,             
58 ,[Xd]6s(2)5d(1)4f(1),-8861.06688 ,-8566.87215 ,-1494.91760 ,-1423.10260 ,-243.33948 ,-225.25268 ,-229.13411 ,-212.66866 ,-212.61796 ,-54.11707 ,-50.07718 ,-48.07277 ,-44.76033 ,-44.55020 ,-34.32575 ,-33.62454 ,-34.38382 ,-11.69445 ,-10.80692 ,-9.36204 ,-8.64543 ,-8.65044 ,-4.74408 ,-4.61717 ,-4.81444 ,-0.54107 ,-0.53069 ,-0.71306 ,-1.88544 ,-1.74932 ,-1.16029 ,-1.05124 ,-1.07375 ,-0.23869 ,-0.23374 ,-0.29787 ,,,             ,-0.18239 ,-0.17137 ,,,             ,,,             ,,             
59 ,[Xd]6s(2)5d(0)4f(3) ,-9238.14317 ,-8921.18035 ,-1551.92590 ,-1474.55930 ,-253.68730 ,-234.08014 ,-239.12598 ,-221.34784 ,-221.18646 ,-56.45238 ,-51.97877 ,-50.23488 ,-46.63133 ,-46.31256 ,-35.92260 ,-35.15663 ,-35.89234 ,-11.96812 ,-10.94506 ,-9.55927 ,-8.77848 ,-8.72772 ,-4.75958 ,-4.62067 ,-4.78562 ,-0.33374 ,-0.32244 ,-0.54909 ,-1.80279 ,-1.65617 ,-1.07434 ,-0.96438 ,-0.98371 ,,,             ,,,             ,-0.17162 ,-0.16388 ,,,             ,,,             ,,             
60 ,[Xd]6s(2)5d(0)4f(4),-9625.12980 ,-9283.88222 ,-1610.42080 ,-1527.21280 ,-264.56037 ,-243.38426 ,-249.63386 ,-230.46298 ,-230.22575 ,-59.14655 ,-54.26304 ,-52.75140 ,-48.83840 ,-48.45447 ,-37.84769 ,-37.01328 ,-37.77252 ,-12.53139 ,-11.39562 ,-10.03815 ,-9.18393 ,-9.10836 ,-5.02645 ,-4.87329 ,-5.03581 ,-0.36884 ,-0.35492 ,-0.59563 ,-1.86107 ,-1.69804 ,-1.10709 ,-0.98806 ,-1.00573 ,,,             ,,,             ,-0.17402 ,-0.16574 ,,,             ,,,             ,,             
61 ,[Xd]6s(2)5d(0)4f(5),-10022.08869 ,-9655.09821 ,-1670.17670 ,-1580.78950 ,-275.69916 ,-252.86115 ,-260.40330 ,-239.75373 ,-239.43774 ,-61.89846 ,-56.58299 ,-55.32379 ,-51.08074 ,-50.63164 ,-39.80662 ,-38.89926 ,-39.68727 ,-13.09955 ,-11.84802 ,-10.52110 ,-9.58868 ,-9.49052 ,-5.29221 ,-5.12386 ,-5.28703 ,-0.39858 ,-0.38180 ,-0.62815 ,-1.91819 ,-1.73923 ,-1.13880 ,-1.01031 ,-1.02713 ,,,             ,,,             ,-0.17636 ,-0.16755 ,,,             ,,,             ,,             
62 ,[Xd]6s(2)5d(0)4f(6)  ,-10429.15563 ,-10034.95174 ,-1731.20800 ,-1635.28430 ,-287.10956 ,-262.50529 ,-271.44042 ,-249.22201 ,-248.81704 ,-64.71145 ,-58.93285 ,-57.95536 ,-53.36062 ,-52.83831 ,-41.80156 ,-40.81654 ,-41.63086 ,-13.67472 ,-12.29784 ,-11.01012 ,-9.99444 ,-9.86991 ,-5.55827 ,-5.37377 ,-5.53525 ,-0.42413 ,-0.40422 ,-0.66625 ,-1.97473 ,-1.77853 ,-1.16984 ,-1.03152 ,-1.04702 ,,,             ,,,             ,-0.17864 ,-0.16927 ,,,             ,,,             ,,             
63 ,[Xe]6s(2)5d(0)4f(7),-10846.49676 ,-10423.54217 ,-1793.54080 ,-1690.69630 ,-298.79863 ,-272.31566 ,-282.75084 ,-258.86917 ,-258.36261 ,-67.58854 ,-61.31177 ,-60.64881 ,-55.67965 ,-55.07363 ,-43.83403 ,-42.76643 ,-43.60239 ,-14.25850 ,-12.74458 ,-11.50667 ,-10.40237 ,-10.24598 ,-5.82560 ,-5.62390 ,-5.77986 ,-0.44627 ,-0.42290 ,-0.71155 ,-2.03110 ,-1.81587 ,-1.20052 ,-1.05192 ,-1.06535 ,,,             ,,,             ,-0.18089 ,-0.17091 ,,,             ,,,             ,,             
64 ,[Xe]6s(2)5d(1)4f(7) ,-11274.22117 ,-10820.66044 ,-1857.44110 ,-1747.33460 ,-311.05268 ,-282.63119 ,-294.61728 ,-268.97577 ,-268.40761 ,-70.84821 ,-64.09873 ,-63.72029 ,-58.35444 ,-57.71390 ,-46.21437 ,-45.06006 ,-45.97119 ,-15.15518 ,-13.53066 ,-12.30890 ,-11.10539 ,-10.95327 ,-6.36927 ,-6.14825 ,-6.33386 ,-0.73856 ,-0.71058 ,-1.04332 ,-2.25185 ,-2.00721 ,-1.37169 ,-1.20126 ,-1.21229 ,-0.22550 ,-0.21931 ,-0.28717 ,,,             ,-0.19956 ,-0.18329 ,,,             ,,,             ,,             
65 ,[Xe]6s(2)5d(0)4f(9),-11712.53495 ,-11226.56741 ,-1922.15960 ,-1804.34250 ,-323.03300 ,-292.51292 ,-306.21397 ,-278.70455 ,-278.02908 ,-73.54408 ,-66.24252 ,-66.23074 ,-60.44001 ,-59.71537 ,-48.01613 ,-46.76779 ,-47.71304 ,-15.45656 ,-13.69378 ,-12.52681 ,-11.22799 ,-11.05098 ,-6.36676 ,-6.12732 ,-6.31575 ,-0.48231 ,-0.45100 ,-0.69520 ,-2.14437 ,-1.90106 ,-1.26161 ,-1.09094 ,-1.10935 ,,,             ,,,             ,-0.18532 ,-0.17443 ,,,             ,,,             ,,             
66 ,[Xe]6s(2)5d(0)4f(10) ,-12161.52755 ,-11641.45157 ,-1988.48030 ,-1862.54410 ,-335.58980 ,-302.86407 ,-318.37803 ,-288.89464 ,-288.11486 ,-76.62701 ,-68.75546 ,-69.12361 ,-62.88331 ,-62.08312 ,-50.16760 ,-48.82069 ,-49.81402 ,-16.07284 ,-14.16658 ,-13.05229 ,-11.64692 ,-11.45116 ,-6.64162 ,-6.38153 ,-6.58056 ,-0.49696 ,-0.46108 ,-0.70302 ,-2.20169 ,-1.94126 ,-1.29229 ,-1.10978 ,-1.12939 ,,,             ,,,             ,-0.18752 ,-0.17609 ,,,             ,,,             ,,             
67 ,[Xe]6s(2)5d(0)4f(11)   ,-12621.38950 ,-12065.28871 ,-2056.17400 ,-1921.67130 ,-348.44843 ,-313.39079 ,-330.83798 ,-299.26723 ,-298.37611 ,-79.78300 ,-71.30817 ,-72.08707 ,-65.36964 ,-64.49012 ,-52.36024 ,-50.90898 ,-51.95326 ,-16.70178 ,-14.64424 ,-13.58906 ,-12.07053 ,-11.85565 ,-6.91981 ,-6.63781 ,-6.84861 ,-0.50969 ,-0.46882 ,-0.70833 ,-2.25968 ,-1.98140 ,-1.32323 ,-1.12829 ,-1.14925 ,,,             ,,,             ,-0.18971 ,-0.17772 ,,,             ,,,             ,,             
68 ,[Xe]6s(2)5d(0)4f(12) ,-13092.26413 ,-12498.15163 ,-2125.25480 ,-1981.72440 ,-361.61431 ,-324.09334 ,-343.59978 ,-309.82301 ,-308.81307 ,-83.01397 ,-73.90101 ,-75.12315 ,-67.89969 ,-66.93672 ,-54.59469 ,-53.03307 ,-54.13111 ,-17.34410 ,-15.12704 ,-14.13784 ,-12.49918 ,-12.26469 ,-7.20163 ,-6.89641 ,-7.12008 ,-0.52072 ,-0.47438 ,-0.71144 ,-2.31848 ,-2.02154 ,-1.35452 ,-1.14651 ,-1.16898 ,,,             ,,,             ,-0.19190 ,-0.17933 ,,,             ,,,             ,,             
69 ,[Xe]6s(2)5d(0)4f(13)  ,-13574.30103 ,-12940.17318 ,-2195.73930 ,-2042.69850 ,-375.09321 ,-334.96657 ,-356.66954 ,-320.56267 ,-319.42068 ,-86.32189 ,-76.52856 ,-78.23386 ,-70.47407 ,-69.41753 ,-56.87153 ,-55.19331 ,-56.34220 ,-18.00052 ,-15.61095 ,-14.69934 ,-12.93321 ,-12.67435 ,-7.48738 ,-7.15755 ,-7.39130 ,-0.53022 ,-0.47792 ,-0.71897 ,-2.37821 ,-2.06068 ,-1.38624 ,-1.16451 ,-1.18783 ,,,             ,,,             ,-0.19409 ,-0.18089 ,,,             ,,,             ,,             
70 ,[Xe]6s(2)5d(0)4f(14) ,-14067.65928 ,-13391.45489 ,-2267.64700 ,-2104.59200 ,-388.89146 ,-346.00880 ,-370.05359 ,-331.48682 ,-330.19729 ,-89.70879 ,-79.18915 ,-81.42121 ,-73.09333 ,-71.93086 ,-59.19126 ,-57.38997 ,-58.58483 ,-18.67176 ,-16.09474 ,-15.27423 ,-13.37292 ,-13.08344 ,-7.77730 ,-7.42141 ,-7.66109 ,-0.53836 ,-0.47955 ,-0.73208 ,-2.43899 ,-2.09853 ,-1.41848 ,-1.18232 ,-1.20560 ,,,             ,,,             ,-0.19629 ,-0.18239 ,,,             ,,,             ,,             
71 ,[Xe]6s(2)5d(1)4f(14),-14572.51361 ,-13851.80679 ,-2341.29980 ,-2167.73100 ,-403.32762 ,-357.57184 ,-384.06427 ,-342.90440 ,-341.48965 ,-93.51853 ,-82.26829 ,-85.02589 ,-76.09900 ,-74.85986 ,-61.88880 ,-59.95961 ,-61.23594 ,-19.69347 ,-16.93742 ,-16.19233 ,-14.14311 ,-13.84460 ,-8.37950 ,-7.99634 ,-8.26443 ,-0.85440 ,-0.78989 ,-1.07642 ,-2.70086 ,-2.31660 ,-1.62474 ,-1.35711 ,-1.37545 ,-0.19083 ,-0.18474 ,-0.24318 ,,,             ,-0.22203 ,-0.19867 ,,,             ,,,             ,,             
72 ,[Xe]6s(2)5d(2)4f(14) ,-15088.76476 ,-14321.24862 ,-2416.43180 ,-2231.81070 ,-418.11673 ,-369.32943 ,-398.42232 ,-354.52815 ,-352.97563 ,-97.43847 ,-85.41159 ,-88.73804 ,-79.17753 ,-77.85212 ,-64.65629 ,-62.59233 ,-63.94850 ,-20.75058 ,-17.79734 ,-17.14370 ,-14.93538 ,-14.62161 ,-9.00025 ,-8.58703 ,-8.88068 ,-1.18128 ,-1.10954 ,-1.42989 ,-2.95157 ,-2.51907 ,-1.82068 ,-1.51864 ,-1.53205 ,-0.24671 ,-0.23510 ,-0.32423 ,,,             ,-0.23925 ,-0.20885 ,,,             ,,,             ,,             
73 ,[Xe]6s(2)5d(3)4f(14)  ,-15616.60664 ,-14799.81142 ,-2493.09070 ,-2296.84180 ,-433.27478 ,-381.29201 ,-413.14123 ,-366.36494 ,-364.66573 ,-101.47643 ,-88.62846 ,-92.56491 ,-82.33450 ,-80.91712 ,-67.49939 ,-65.29360 ,-66.73213 ,-21.84919 ,-18.68411 ,-18.13438 ,-15.75553 ,-15.42423 ,-9.64589 ,-9.20013 ,-9.52015 ,-1.52754 ,-1.44754 ,-1.80434 ,-3.20325 ,-2.72007 ,-2.01781 ,-1.67831 ,-1.68810 ,-0.29788 ,-0.28032 ,-0.38756 ,,,             ,-0.25359 ,-0.21734 ,,,             ,,,             ,,             
74 ,[Xe]6s(2)5d(4)4f(14)   ,-16156.15859 ,-15287.54519 ,-2571.28580 ,-2362.82350 ,-448.80637 ,-393.45842 ,-428.22752 ,-378.41458 ,-376.55885 ,-105.63266 ,-91.91719 ,-96.50716 ,-85.56883 ,-84.05316 ,-70.41705 ,-68.06217 ,-69.58523 ,-22.98842 ,-19.59600 ,-19.16365 ,-16.60245 ,-16.25088 ,-10.31566 ,-9.83492 ,-10.18166 ,-1.89342 ,-1.80430 ,-2.19934 ,-3.45828 ,-2.92092 ,-2.21843 ,-1.83841 ,-1.84481 ,-0.34744 ,-0.32345 ,-0.44614 ,,,             ,-0.26627 ,-0.22466 ,,,             ,,,             ,,             
75 ,[Xe]6s(2)5d(5)4f(14)  ,-16707.59030 ,-15784.53202 ,-2651.04530 ,-2429.75110 ,-464.71837 ,-405.82390 ,-443.68745 ,-390.67616 ,-388.65026 ,-109.90763 ,-95.27271 ,-100.56512 ,-88.87897 ,-87.25521 ,-73.40781 ,-70.89630 ,-72.50282 ,-24.16716 ,-20.52803 ,-20.23048 ,-17.47457 ,-17.09671 ,-11.00832 ,-10.49015 ,-10.86070 ,-2.27822 ,-2.17915 ,-2.61082 ,-3.71761 ,-3.11946 ,-2.42332 ,-1.99972 ,-2.00027 ,-0.39641 ,-0.36546 ,-0.51411 ,,,             ,-0.27777 ,-0.23053 ,,,             ,,,             ,,             
76 ,[Xe]6s(2)5d(6)4f(14) ,-17271.04909 ,-16290.64740 ,-2732.38810 ,-2497.64590 ,-481.01736 ,-418.40962 ,-459.52824 ,-403.14977 ,-400.96116 ,-114.30263 ,-98.71526 ,-104.74020 ,-92.26449 ,-90.54354 ,-76.47124 ,-73.79534 ,-75.50526 ,-25.38529 ,-21.50006 ,-21.33481 ,-18.37131 ,-17.98158 ,-11.72351 ,-11.16541 ,-11.57713 ,-2.68182 ,-2.57200 ,-3.05893 ,-3.98231 ,-3.33334 ,-2.63375 ,-2.16315 ,-2.17012 ,-0.44571 ,-0.40718 ,-0.53555 ,,,             ,-0.28859 ,-0.23861 ,,,             ,,,             ,,             
77 ,[Xe]6s(2)5d(7)4f(14),-17846.75173 ,-16806.11194 ,-2815.35940 ,-2566.48440 ,-497.71330 ,-431.19191 ,-475.75709 ,-415.83467 ,-413.46792 ,-118.81926 ,-102.22149 ,-109.03338 ,-95.72429 ,-93.89481 ,-79.60627 ,-76.75793 ,-78.56925 ,-26.64242 ,-22.48912 ,-22.47615 ,-19.29158 ,-18.88270 ,-12.46032 ,-11.85973 ,-12.30858 ,-3.10345 ,-2.98206 ,-3.52142 ,-4.25274 ,-3.54452 ,-2.84990 ,-2.32882 ,-2.33835 ,-0.49548 ,-0.44876 ,-0.57375 ,,,             ,-0.29885 ,-0.24521 ,,,             ,,,             ,,             
78 ,[Xe]6s(1)5d(9)4f(14) ,-18434.87593 ,-17331.06863 ,-2899.84920 ,-2636.11170 ,-514.68548 ,-444.01236 ,-492.25659 ,-428.60514 ,-426.01277 ,-123.33248 ,-105.63308 ,-113.32086 ,-99.13265 ,-97.15122 ,-82.68768 ,-79.65842 ,-81.53741 ,-27.81189 ,-23.33617 ,-23.52989 ,-20.10965 ,-19.64234 ,-13.09477 ,-12.44858 ,-12.89880 ,-3.41856 ,-3.28454 ,-3.84174 ,-4.40750 ,-3.60494 ,-2.96555 ,-2.39356 ,-2.37128 ,-0.44752 ,-0.39246 ,-0.47474 ,,,             ,-0.28368 ,-0.22266 ,,,             ,,,             ,,             
79 ,[Xe]6s(1)5d(10)4f(14)  ,-19035.54902 ,-17865.39876 ,-2986.12410 ,-2706.83260 ,-532.18727 ,-457.18217 ,-509.27728 ,-441.70407 ,-438.90569 ,-128.08818 ,-109.26043 ,-117.84684 ,-102.73137 ,-100.62221 ,-85.95631 ,-82.73769 ,-84.71843 ,-29.13886 ,-24.35340 ,-24.73752 ,-21.06728 ,-20.57030 ,-13.86565 ,-13.17158 ,-13.65514 ,-3.86712 ,-3.71981 ,-4.32799 ,-4.68369 ,-3.80849 ,-3.18801 ,-2.55821 ,-2.53403 ,-0.49279 ,-0.42808 ,-0.52075 ,,,             ,-0.29120 ,-0.22064 ,,,             ,,,             ,,             
80 ,[Xe]6s(2)4f(14)5d(10)  ,-19648.84469 ,-18408.99023 ,-3074.22340 ,-2778.67980 ,-550.24981 ,-470.73473 ,-526.85216 ,-455.15579 ,-452.17999 ,-133.11215 ,-113.13628 ,-122.63746 ,-106.54427 ,-104.34045 ,-89.43594 ,-86.01928 ,-88.14503 ,-30.64741 ,-25.57306 ,-26.12296 ,-22.18775 ,-21.69862 ,-14.79591 ,-14.05175 ,-14.60930 ,-4.47212 ,-4.31092 ,-5.01207 ,-5.10235 ,-4.18172 ,-3.53654 ,-2.84125 ,-2.85061 ,-0.64942 ,-0.57405 ,-0.71395 ,,,             ,-0.32757 ,-0.26087 ,,,             ,,,             ,,             
81 ,[Xe]6s(2)5d(10)4f(14)6p(1) ,-20274.79791 ,-18961.82379 ,-3164.15950 ,-2851.54690 ,-568.84020 ,-484.55990 ,-544.94791 ,-468.91615 ,-465.72646 ,-138.36178 ,-117.15019 ,-127.65127 ,-110.52718 ,-108.19653 ,-93.08286 ,-89.45907 ,-91.70821 ,-32.29148 ,-26.88316 ,-27.64326 ,-23.42655 ,-22.91742 ,-15.84265 ,-15.04559 ,-15.65269 ,-5.18990 ,-5.01389 ,-5.78497 ,-5.61817 ,-4.61851 ,-3.98406 ,-3.21645 ,-3.23113 ,-0.89364 ,-0.80532 ,-0.96804 ,,,             ,-0.44854 ,-0.36094 ,-0.21053 ,-0.17640 ,-0.19228 ,,,             ,,             
82 ,[Xe]6s(2)5d(10)4f(14)6p(2)   ,-20913.65514 ,-19524.00705 ,-3255.86860 ,-2925.36940 ,-587.88079 ,-498.59391 ,-563.48558 ,-482.89857 ,-479.48112 ,-143.75267 ,-121.23812 ,-132.80293 ,-114.59283 ,-112.12612 ,-96.80986 ,-92.96943 ,-95.34369 ,-33.98484 ,-28.21970 ,-29.21096 ,-24.69576 ,-24.16217 ,-16.91780 ,-16.06477 ,-16.72067 ,-5.93242 ,-5.74059 ,-6.58219 ,-6.14416 ,-5.05530 ,-4.43945 ,-3.59289 ,-3.61048 ,-1.13797 ,-1.03522 ,-1.22022 ,,,             ,-0.56586 ,-0.45607 ,-0.27427 ,-0.21956 ,-0.25558 ,,,             ,,             
83 ,[Xe]6s(2)5d(10)4f(14)6p(3),-21565.63984 ,-20095.58547 ,-3349.40060 ,-3000.15250 ,-607.38832 ,-512.84156 ,-582.48115 ,-497.10781 ,-493.44882 ,-149.29244 ,-125.40474 ,-138.09995 ,-118.74571 ,-116.13391 ,-100.62146 ,-96.55460 ,-99.05617 ,-35.73280 ,-29.58728 ,-30.83140 ,-25.99966 ,-25.43747 ,-18.02575 ,-17.11360 ,-17.81797 ,-6.70399 ,-6.49531 ,-7.40849 ,-6.68541 ,-5.49757 ,-4.90859 ,-3.97613 ,-3.99453 ,-1.38865 ,-1.27017 ,-1.47697 ,,,             ,-0.68554 ,-0.55154 ,-0.33763 ,-0.26073 ,-0.31999 ,,,             ,,             
84 ,[Xe]6s(2)5d(10)4f(14)6p(4),-22230.93916 ,-20676.49996 ,-3444.78790 ,-3075.91320 ,-627.37365 ,-527.31967 ,-601.94600 ,-511.54458 ,-507.64638 ,-154.98424 ,-129.66664 ,-143.54557 ,-122.98627 ,-120.23645 ,-104.51810 ,-100.21472 ,-102.86231 ,-37.53647 ,-31.00236 ,-32.50572 ,-27.33849 ,-26.75973 ,-19.16680 ,-18.19230 ,-18.96116 ,-7.50485 ,-7.27827 ,-8.28046 ,-7.24291 ,-5.96187 ,-5.39268 ,-4.36733 ,-4.39995 ,-1.64708 ,-1.51163 ,-1.75510 ,,,             ,-0.80918 ,-0.65809 ,-0.40248 ,-0.30141 ,-0.34133 ,,,             ,,             
85 ,[Xe]6s(2)5d(10)4f(14)6p(5),-22909.72469 ,-21266.88077 ,-3542.05460 ,-3152.63300 ,-647.84618 ,-542.00990 ,-621.89138 ,-526.20910 ,-522.05548 ,-160.83047 ,-134.00541 ,-149.14262 ,-127.31445 ,-124.41540 ,-108.49973 ,-103.94942 ,-106.74376 ,-39.39644 ,-32.44657 ,-34.23461 ,-28.71203 ,-28.11069 ,-20.34079 ,-19.30058 ,-20.13197 ,-8.33472 ,-8.08915 ,-9.17987 ,-7.81713 ,-6.43083 ,-5.89236 ,-4.76693 ,-4.80968 ,-1.91377 ,-1.76013 ,-2.03773 ,,,             ,-0.93749 ,-0.76520 ,-0.46962 ,-0.34222 ,-0.37973 ,,,             ,,             
86 ,[Xe]6s(2)5d(10)4f(14)6p(6)   ,-23602.00923 ,-21866.77131 ,-3641.16080 ,-3230.31260 ,-668.80514 ,-556.91291 ,-642.32854 ,-541.10185 ,-536.67678 ,-166.83110 ,-138.42167 ,-154.89383 ,-131.73018 ,-128.67136 ,-112.56627 ,-107.75830 ,-110.70115 ,-41.31257 ,-33.92055 ,-36.01868 ,-30.11994 ,-29.49099 ,-21.54743 ,-20.43805 ,-21.33113 ,-9.19323 ,-8.92752 ,-10.10744 ,-8.40822 ,-6.90562 ,-6.40806 ,-5.17514 ,-5.22504 ,-2.18895 ,-2.01584 ,-2.32614 ,,,             ,-1.07080 ,-0.87382 ,-0.53949 ,-0.38342 ,-0.42787 ,,,             ,,             
87 ,[Rn]7s(1),-24308.08747 ,-22475.85802 ,-3742.48960 ,-3309.14470 ,-690.46977 ,-572.22031 ,-663.45233 ,-556.40324 ,-551.70181 ,-173.17603 ,-143.10641 ,-160.98288 ,-136.41355 ,-133.19503 ,-116.89797 ,-111.82131 ,-114.92540 ,-43.46772 ,-35.61487 ,-38.03839 ,-31.74185 ,-31.09065 ,-22.96655 ,-21.78453 ,-22.74898 ,-10.26006 ,-9.97312 ,-11.25355 ,-9.19625 ,-7.57561 ,-7.11783 ,-5.77037 ,-5.83406 ,-2.64968 ,-2.45639 ,-2.80812 ,,,             ,-1.35056 ,-1.12716 ,-0.75926 ,-0.56633 ,-0.62840 ,,,             ,-0.13244 ,-0.11787 
88 ,[Rn]7s(2),-25028.06893 ,-23094.30303 ,-3845.80710 ,-3388.94090 ,-712.65811 ,-587.74413 ,-685.09541 ,-571.93411 ,-566.94269 ,-179.68526 ,-147.87164 ,-167.23349 ,-141.18497 ,-137.79858 ,-121.31524 ,-115.95851 ,-119.22865 ,-45.68190 ,-37.34151 ,-40.11526 ,-33.39783 ,-32.72193 ,-24.41827 ,-23.15990 ,-24.19772 ,-11.35524 ,-11.04584 ,-12.43042 ,-10.00132 ,-8.25310 ,-7.84320 ,-6.37278 ,-6.44981 ,-3.11717 ,-2.90224 ,-3.29680 ,,,             ,-1.62428 ,-1.37062 ,-0.97332 ,-0.74029 ,-0.81976 ,,,             ,-0.16599 ,-0.14874 
89 ,[Rn]7s(2)6d(1) ,-25762.23514 ,-23722.19152 ,-3951.15150 ,-3469.62640 ,-735.34747 ,-603.40748 ,-707.23068 ,-587.65291 ,-582.32289 ,-186.32166 ,-152.64068 ,-173.60769 ,-146.00285 ,-142.40558 ,-125.77660 ,-120.12805 ,-123.53467 ,-47.91454 ,-39.02380 ,-42.20899 ,-35.04642 ,-34.30881 ,-25.86158 ,-24.52300 ,-25.60198 ,-12.43747 ,-12.10437 ,-13.56248 ,-10.78203 ,-8.86227 ,-8.54419 ,-6.94188 ,-6.99795 ,-3.55137 ,-3.31324 ,-3.71887 ,,,             ,-1.85076 ,-1.53551 ,-1.14931 ,-0.87597 ,-0.94589 ,-0.17893 ,-0.17232 ,-0.25143 ,-0.19018 ,-0.16095 
90 ,[Rn]7s(2)6d(2) ,-26510.75735 ,-24359.62190 ,-4058.53560 ,-3551.26380 ,-758.57016 ,-619.27436 ,-729.89965 ,-603.58768 ,-597.90618 ,-193.11461 ,-157.47752 ,-180.13686 ,-150.89502 ,-147.07991 ,-130.30975 ,-124.35732 ,-127.90717 ,-50.19424 ,-40.72603 ,-44.34847 ,-36.71538 ,-35.91525 ,-27.32401 ,-25.90127 ,-27.02534 ,-13.53427 ,-13.17615 ,-14.71345 ,-11.56758 ,-9.46822 ,-9.24939 ,-7.50605 ,-7.54283 ,-3.98084 ,-3.71801 ,-4.13836 ,,,             ,-2.06544 ,-1.69024 ,-1.31675 ,-1.00148 ,-1.06507 ,-0.22247 ,-0.21038 ,-0.31682 ,-0.20906 ,-0.16992 
91 ,[Rn]7s(2)6d(1)5f(2),-27274.21092 ,-25007.10926 ,-4167.79160 ,-3633.46030 ,-782.01635 ,-634.92387 ,-752.78173 ,-619.39588 ,-613.27732 ,-199.70191 ,-161.93562 ,-186.45745 ,-155.49156 ,-151.37680 ,-134.54898 ,-128.27911 ,-131.90548 ,-52.15439 ,-42.01115 ,-46.16685 ,-38.03784 ,-37.10459 ,-28.43921 ,-26.92833 ,-28.03161 ,-14.28287 ,-13.89835 ,-15.45119 ,-11.99670 ,-9.66654 ,-9.60491 ,-7.72182 ,-7.69295 ,-4.09489 ,-3.80993 ,-4.20376 ,-0.29142 ,-0.26933 ,-0.61162 ,-2.04924 ,-1.63368 ,-1.28377 ,-0.95404 ,-1.00553 ,-0.19058 ,-0.18200 ,-0.29099 ,-0.19835 ,-0.16366 
92 ,[Rn]7s(2)5f(3)6d(1),-28052.64964 ,-25664.33764 ,-4279.27060 ,-3716.78130 ,-806.16646 ,-650.96006 ,-776.37580 ,-635.56953 ,-629.03259 ,-206.61077 ,-166.65479 ,-193.09934 ,-160.32154 ,-155.93355 ,-139.01744 ,-132.41774 ,-136.16107 ,-54.32359 ,-43.50813 ,-48.19312 ,-39.54024 ,-38.50523 ,-29.73268 ,-28.12956 ,-29.24831 ,-15.20356 ,-14.79135 ,-16.39736 ,-12.59541 ,-10.04961 ,-10.12672 ,-8.09176 ,-8.02270 ,-4.35041 ,-4.04070 ,-4.43243 ,-0.34628 ,-0.31882 ,-0.70141 ,-2.13716 ,-1.67477 ,-1.34196 ,-0.98395 ,-1.02939 ,-0.19215 ,-0.18295 ,-0.30028 ,-0.20189 ,-0.16511 
93 ,[Rn]7s(2)6d(1)5f(4),-28846.79347 ,-26331.45432 ,-4393.07110 ,-3801.04690 ,-830.91295 ,-667.19100 ,-800.54664 ,-651.95103 ,-644.98252 ,-213.68436 ,-171.43185 ,-199.89970 ,-165.21595 ,-160.54778 ,-143.54799 ,-136.60523 ,-140.47341 ,-56.53644 ,-45.01713 ,-50.26034 ,-41.05446 ,-39.91752 ,-31.03661 ,-29.33702 ,-30.47606 ,-16.12997 ,-15.68868 ,-17.35435 ,-13.19694 ,-10.42896 ,-10.65081 ,-8.45554 ,-8.34918 ,-4.60131 ,-4.26581 ,-4.65915 ,-0.39720 ,-0.36421 ,-0.76993 ,-2.22202 ,-1.71377 ,-1.39765 ,-1.01067 ,-1.05169 ,-0.19223 ,-0.18257 ,-0.30984 ,-0.20539 ,-0.16650 
94 ,[Rn]7s(2))6d(0)5f(6),-29656.37610 ,-27008.71865 ,-4508.87550 ,-3886.04800 ,-856.06761 ,-683.39393 ,-825.14254 ,-668.37208 ,-660.90704 ,-220.73837 ,-176.03211 ,-206.68333 ,-169.99497 ,-164.98564 ,-147.96255 ,-140.66248 ,-144.61059 ,-58.61117 ,-46.30692 ,-52.18936 ,-42.40043 ,-41.11042 ,-32.17128 ,-30.37078 ,-31.48415 ,-16.88354 ,-16.41145 ,-18.09317 ,-13.62109 ,-10.58757 ,-11.00059 ,-8.63978 ,-8.46124 ,-4.68685 ,-4.32514 ,-4.69108 ,-0.29702 ,-0.26015 ,-0.65421 ,-2.17785 ,-1.63599 ,-1.33950 ,-0.93889 ,-0.97553 ,,,             ,-0.18849 ,-0.15988 
95 ,[Rn]7s(2))6d(0)5f(7),-30482.35447 ,-27695.88641 ,-4627.28750 ,-3972.19370 ,-882.02439 ,-700.00458 ,-850.51748 ,-685.16785 ,-677.23658 ,-228.14494 ,-180.91510 ,-213.81183 ,-175.01601 ,-169.70499 ,-152.61493 ,-144.94417 ,-149.02659 ,-60.91072 ,-47.83077 ,-54.33993 ,-43.93551 ,-42.53685 ,-33.49330 ,-31.58749 ,-32.72487 ,-17.81794 ,-17.31383 ,-19.06248 ,-14.22670 ,-10.95245 ,-11.52795 ,-8.98865 ,-8.77417 ,-4.92526 ,-4.53544 ,-4.90689 ,-0.33491 ,-0.29179 ,-0.72203 ,-2.25310 ,-1.66800 ,-1.38665 ,-0.95648 ,-0.99238 ,,,             ,-0.19094 ,-0.16126 
96 ,[Rn]7s(2)6d(1)5f(7),-31324.45234 ,-28392.77048 ,-4748.19740 ,-4059.51550 ,-908.79737 ,-717.05575 ,-876.71805 ,-702.36884 ,-694.00371 ,-235.93098 ,-186.11394 ,-221.31969 ,-180.30950 ,-174.73895 ,-157.53532 ,-149.48024 ,-153.75445 ,-63.46447 ,-49.62118 ,-56.74346 ,-45.68973 ,-44.22929 ,-35.03258 ,-33.01694 ,-34.23065 ,-18.96278 ,-18.42553 ,-20.29472 ,-15.04272 ,-11.55221 ,-12.26191 ,-9.52996 ,-9.31602 ,-5.34301 ,-4.92320 ,-5.33343 ,-0.53620 ,-0.48489 ,-0.96870 ,-2.46942 ,-1.82416 ,-1.55891 ,-1.07887 ,-1.11421 ,-0.18675 ,-0.17636 ,-0.30060 ,-0.21621 ,-0.17151 
97 ,[Rn]7s(2)6d(1)5f(8) ,-32183.43599 ,-29099.83089 ,-4871.46700 ,-4147.58030 ,-936.06240 ,-734.08703 ,-903.40151 ,-719.60308 ,-710.75344 ,-243.71458 ,-191.14466 ,-228.82176 ,-185.48182 ,-179.60518 ,-162.33391 ,-153.87909 ,-158.31573 ,-65.88115 ,-51.20034 ,-59.00811 ,-47.26981 ,-45.71032 ,-36.39671 ,-34.26641 ,-35.52473 ,-19.92838 ,-19.35608 ,-21.31652 ,-15.67795 ,-11.93782 ,-12.81760 ,-9.88626 ,-9.64955 ,-5.58961 ,-5.13920 ,-5.56983 ,-0.57947 ,-0.52138 ,-0.98842 ,-2.55181 ,-1.86499 ,-1.61248 ,-1.09886 ,-1.13841 ,-0.18353 ,-0.17309 ,-0.28335 ,-0.22003 ,-0.17381 
98 ,[Rn]7s(2)6d(0)5f(10) ,-33059.33881 ,-29817.41804 ,-4996.98780 ,-4236.35130 ,-963.78850 ,-751.06087 ,-930.56291 ,-736.84554 ,-727.44834 ,-251.46854 ,-195.96991 ,-236.29702 ,-190.50673 ,-184.26634 ,-166.98463 ,-158.11404 ,-162.67308 ,-68.13410 ,-52.53163 ,-61.10892 ,-48.64920 ,-46.94333 ,-37.55923 ,-35.30923 ,-36.57060 ,-20.68813 ,-20.07865 ,-22.09120 ,-16.10646 ,-12.07600 ,-13.16981 ,-10.03240 ,-9.74178 ,-5.64068 ,-5.15882 ,-5.58362 ,-0.44000 ,-0.37606 ,-0.80659 ,-2.47928 ,-1.76972 ,-1.52807 ,-1.00161 ,-1.04730 ,,,             ,-0.19843 ,-0.16550 
99 ,[Rn]7s(2)6d(0)5f(11) ,-33952.72524 ,-30544.97129 ,-5125.35430 ,-4326.29470 ,-992.43068 ,-768.47072 ,-958.63141 ,-754.50379 ,-744.57646 ,-259.63610 ,-201.10596 ,-244.18131 ,-195.81540 ,-189.23709 ,-171.91449 ,-162.61342 ,-167.33735 ,-70.65941 ,-54.12540 ,-63.47956 ,-50.25884 ,-48.43830 ,-38.95005 ,-36.57546 ,-37.87748 ,-21.66881 ,-21.02095 ,-23.12474 ,-16.75844 ,-12.44667 ,-13.74104 ,-10.38130 ,-10.06086 ,-5.88072 ,-5.36543 ,-5.80707 ,-0.47282 ,-0.40116 ,-0.84288 ,-2.55610 ,-1.80048 ,-1.57615 ,-1.01461 ,-1.06321 ,,,             ,-0.20100 ,-0.16679 
100 ,[Rn]7s(2)6d(0)5f(12) ,-34863.61557 ,-31282.77668 ,-5256.29200 ,-4417.18570 ,-1021.78520 ,-786.07851 ,-987.43392 ,-772.38002 ,-761.90240 ,-268.00628 ,-206.30339 ,-252.27151 ,-201.19791 ,-194.26881 ,-176.91558 ,-167.16806 ,-172.06184 ,-73.24616 ,-55.73503 ,-65.91147 ,-51.88865 ,-49.94880 ,-40.35958 ,-37.85521 ,-39.19928 ,-22.66207 ,-21.97413 ,-24.17265 ,-17.42460 ,-12.81757 ,-14.32604 ,-10.73143 ,-10.38025 ,-6.12209 ,-5.57192 ,-6.03119 ,-0.50476 ,-0.42493 ,-0.87794 ,-2.63406 ,-1.83046 ,-1.62510 ,-1.02679 ,-1.07852 ,,,             ,-0.20362 ,-0.16805 
101 ,[Rn]7s(2)6d(0)5f(13) ,-35792.89931 ,-32030.93203 ,-5390.06830 ,-4509.02180 ,-1051.91260 ,-803.88154 ,-1017.00160 ,-790.47366 ,-779.42346 ,-276.59457 ,-211.55945 ,-260.57611 ,-206.65448 ,-199.35876 ,-181.98810 ,-171.77778 ,-176.84379 ,-75.89920 ,-57.35806 ,-68.40752 ,-53.53894 ,-51.47235 ,-41.78810 ,-39.14863 ,-40.53354 ,-23.66807 ,-22.93830 ,-25.23241 ,-18.10663 ,-13.18679 ,-14.92591 ,-11.08308 ,-10.69809 ,-6.36502 ,-5.77844 ,-6.25425 ,-0.53585 ,-0.44740 ,-0.91768 ,-2.71355 ,-1.85903 ,-1.67512 ,-1.03819 ,-1.09275 ,,,             ,-0.20628 ,-0.16927 
102 ,[Rn]7s(2)6d(0)5f(14) ,-36740.74170 ,-32789.51118 ,-5526.67150 ,-4601.80230 ,-1082.82300 ,-821.87898 ,-1047.36260 ,-808.78583 ,-797.13885 ,-285.40438 ,-216.87335 ,-269.10276 ,-212.18585 ,-204.50614 ,-187.13275 ,-176.44286 ,-181.68239 ,-78.62006 ,-58.99381 ,-70.97040 ,-55.21021 ,-53.00830 ,-43.23610 ,-40.45608 ,-41.87958 ,-24.68714 ,-23.91373 ,-26.30337 ,-18.80533 ,-13.55388 ,-15.54175 ,-11.43659 ,-11.01393 ,-6.60976 ,-5.98523 ,-6.47580 ,-0.56618 ,-0.46863 ,-0.96331 ,-2.79480 ,-1.88609 ,-1.72647 ,-1.04891 ,-1.10583 ,,,             ,-0.20901 ,-0.17043 
103 ,[Rn]7s(2)6d(1)5f(14),-37707.36016 ,-33557.94954 ,-5666.42670 ,-4695.80440 ,-1114.79700 ,-840.36292 ,-1078.79810 ,-827.57008 ,-815.33774 ,-294.70854 ,-222.54866 ,-278.12357 ,-218.05776 ,-210.01371 ,-192.61279 ,-181.42738 ,-186.87851 ,-81.67762 ,-60.94259 ,-73.86850 ,-57.16824 ,-54.85674 ,-44.96865 ,-42.04270 ,-43.53708 ,-25.98249 ,-25.16447 ,-27.68366 ,-19.78598 ,-14.19973 ,-16.43463 ,-12.04707 ,-11.60238 ,-7.09569 ,-6.43166 ,-6.95168 ,-0.82127 ,-0.71384 ,-1.24813 ,-3.07295 ,-2.06455 ,-1.95443 ,-1.20293 ,-1.24721 ,-0.15518 ,-0.14617 ,-0.26729 ,-0.24701 ,-0.18320 